SNP,n,p_value,FDR
rs29978,98,0.022391720516894,0.38557987631705176
rs56579,98,0.02484615047962529,0.38557987631705176
rs88447,98,0.02586090117785701,0.38557987631705176
rs35374,98,0.04015474178836927,0.38557987631705176
rs19245,98,0.04315289284578633,0.38557987631705176
rs57179,98,0.04626958515804621,0.38557987631705176
rs91154,98,0.06785412134898794,0.41209993669780265
rs78356,98,0.07462897963913061,0.41209993669780265
rs91783,98,0.07817005381524829,0.41209993669780265
rs15488,98,0.08340856150056278,0.41209993669780265
rs87926,98,0.09853721192996501,0.41209993669780265
rs69792,98,0.09890398480747263,0.41209993669780265
rs31247,98,0.12358115360803541,0.47531212926167465
rs79273,98,0.1423927099305584,0.5085453926091371
rs67611,98,0.20271557721693653,0.6757185907231218
rs58943,98,0.23192748770840393,0.6898359708934477
rs93874,98,0.2567346427346892,0.6898359708934477
rs65498,98,0.2856846455118932,0.6898359708934477
rs11326,98,0.2945674902554008,0.6898359708934477
rs21972,98,0.3052518948508968,0.6898359708934477
rs31255,98,0.3056881111527027,0.6898359708934477
rs77787,98,0.33226583575627566,0.6898359708934477
rs19486,98,0.34428062150488525,0.6898359708934477
rs56821,98,0.34762383108139605,0.6898359708934477
rs97964,98,0.3511259483332513,0.6898359708934477
rs36733,98,0.37509364449968535,0.6898359708934477
rs57586,98,0.3805709314715067,0.6898359708934477
rs59119,98,0.389822400238539,0.6898359708934477
rs14154,98,0.4145975612641259,0.6898359708934477
rs47951,98,0.4305415472842247,0.6898359708934477
rs91479,98,0.43319123498585366,0.6898359708934477
rs64743,98,0.4414950213718065,0.6898359708934477
rs15365,98,0.4638867305278503,0.7028586826179549
rs34168,98,0.5053845955511954,0.7274383639657142
rs83336,98,0.523074774274325,0.7274383639657142
rs29772,98,0.5237556220553142,0.7274383639657142
rs18317,98,0.5654150608037168,0.7640744064915093
rs24192,98,0.5887186954576346,0.774629862444256
rs13977,98,0.6335371672863317,0.8122271375465792
rs84473,98,0.704293601469028,0.8627794040604869
rs72959,98,0.7074791113295993,0.8627794040604869
rs88128,98,0.754409239644515,0.8981062376720417
rs82922,98,0.789877629364343,0.9184623597259803
rs21843,98,0.829693330199183,0.942833329771799
rs59798,98,0.8571935842972256,0.9467355729637503
rs57298,98,0.8709967271266503,0.9467355729637503
rs72794,98,0.9346702882224206,0.987571105647161
rs78369,98,0.9522439970503648,0.987571105647161
rs26922,98,0.9860707408242123,0.987571105647161
rs41227,98,0.987571105647161,0.987571105647161
