"id","age","sex","treatment","smoker","rs93874","rs56821","rs21972","rs72794","rs57179","rs15365","rs91154","rs19486","rs59798","rs13977","rs21843","rs31247","rs91783","rs69792","rs82922","rs88128","rs87926","rs11326","rs18317","rs83336","rs67611","rs56579","rs57586","rs26922","rs19245","rs47951","rs77787","rs29978","rs35374","rs88447","rs91479","rs24192","rs58943","rs29772","rs41227","rs31255","rs15488","rs84473","rs78356","rs79273","rs34168","rs57298","rs72959","rs59119","rs65498","rs64743","rs14154","rs36733","rs97964","rs78369","rs123456","af","pr"
1,32,"Female","B","No","AC","GG","CC","CC","AC","AA","GT","TT","AG","CT","GG","AC","AG","CG","AT","CG","CC","AA","GT","CC","AA","GG","CC","AA","AC","CC","CT","AA","AT","AG","AT","CC","AT","TT","AA","AT","TT","AA","TT","GT","AC","GG","CG","CT","GG","CC","AT","AG","CC","CC","CC",67.4581359899402,"No"
2,43,"Female","B","No","CC","CG","AC","TT","CC","AC","GT","AA","AG","TT","CG","CC","AG","CC","TT","CC","AA","AG","TT","AC","TT","AG","TT","AA","CC","CT","TT","TT","AT","AG","AT","AA","TT","TT","AT","AT","GG","AA","AT","TT","CC","GG","CC","TT","GG","CC","TT","AG","GG","CT","CC",90.1566714914816,"Yes"
3,31,"Female","C","No","AC","GG","CC","CC","AC","CC","GT","AT","GG","CT","CG","AA","AG","CG","AA","CG","AC","AA","TT","AC","AA","AG","CT","AA","AA","CT","CT","AT","AA","GG","AA","AC","AA","GG","AT","AA","GT","AC","AT","TT","AA","CG","CG","CT","AG","AA","AA","AG","CC","TT","CC",67.1151851495703,"No"
4,40,"Female","C","No","AA","CC","AA","TT","CC","CC","TT","AT","AG","TT","CC","AC","AG","CG","AA","GG","AC","GG","TT","CC","AA","AG","CC","AC","AA","TT","CT","AT","AT","AG","TT","CC","AT","GT","AT","AT","GT","AC","AT","GG","AC","GG","CG","CC","AA","AA","AA","AG","CG","TT","CC",83.8405379977477,"Yes"
5,37,"Female","C","No","AA","CG","AC","CC","AA","AA","GT","AA","AA","TT","CG","AA","GG","GG","TT","CG","AA","AG","GG","AC","AT","GG","TT","AC","AC","CT","TT","AT","AT","AA","AT","AC","TT","GT","AA","AT","GG","AC","TT","GG","AA","GG","GG","CT","GG","AC","AT","GG","CG","CT","CC",78.2685375576818,"Yes"
6,32,"Male","A","No","AC","CC","CC","CT","CC","CC","TT","TT","GG","TT","CG","AC","AG","CG","AA","CG","AC","AG","GT","AC","TT","AA","CC","AC","AC","TT","CT","AT","AA","AG","TT","AA","TT","GT","TT","TT","GT","CC","AT","GG","AC","CG","CG","CT","AG","AA","AT","GG","CC","TT","CC",36.3224045693865,"Yes"
7,31,"Female","A","No","AC","CG","AA","CC","AC","AC","GT","AT","AA","CC","CG","AA","AA","CC","AT","GG","AC","AA","GT","CC","AA","AG","TT","AA","AC","CT","TT","AT","AA","AG","TT","AC","AT","GT","TT","AA","GT","AA","TT","TT","AA","CC","CC","TT","AG","AC","AT","AG","GG","CT","CC",35.0636966250125,"No"
8,29,"Male","C","No","CC","CG","CC","CT","CC","AA","GT","AA","AG","CC","CG","CC","AA","GG","AA","CG","AC","AG","GT","CC","AT","GG","TT","AC","AA","TT","TT","TT","TT","GG","TT","CC","AA","GG","AT","AA","GG","AA","AA","TT","AC","CG","CG","CC","AA","CC","TT","AA","CG","CT","CC",63.6193616013284,"No"
9,30,"Female","A","No","CC","CG","CC","CC","CC","AC","GT","TT","AG","CC","GG","CC","AG","CG","TT","CG","AA","AA","GT","AC","AT","AA","CT","AC","AA","TT","CT","TT","AA","AG","AA","AC","AA","TT","TT","AT","GT","CC","AA","GT","AC","CG","CG","CC","GG","AA","AA","AG","CG","CT","CC",33.5523410133327,"No"
10,32,"Male","B","No","AC","CG","AA","CT","CC","AC","TT","TT","AA","CT","CC","AA","AA","GG","AT","CC","AC","GG","GT","AC","AT","AG","CT","AC","AA","CC","TT","AA","AA","AG","AT","AA","AT","TT","AT","AT","GT","CC","AT","TT","AC","CG","CC","CT","GG","AC","AT","AA","CG","TT","CC",68.2226346904257,"No"
11,41,"Male","B","No","AC","CG","CC","CT","AC","AC","TT","TT","AA","TT","GG","AC","GG","CC","AT","CG","AC","AG","GT","AA","AA","GG","CT","CC","AA","TT","CT","AT","AT","AA","AT","CC","AT","GG","AT","AT","TT","AC","AT","GT","AC","CG","CC","CT","AA","AC","AT","GG","CG","CC","CC",86.0640202565929,"Yes"
12,41,"Female","B","No","CC","CC","AC","CC","AA","AC","GT","AT","AG","CT","CG","AA","AA","CG","TT","CC","CC","AG","GT","AA","AA","AG","CT","AA","AC","CC","CT","AT","AT","AG","AT","AC","AA","GT","AT","AT","GT","AC","TT","TT","AC","CC","GG","CT","GG","AC","AT","AA","CC","TT","CC",84.7111653211476,"Yes"
13,42,"Male","A","No","AC","CG","AA","CT","CC","AC","GG","AA","AA","CT","GG","AC","GG","CC","TT","CG","AA","GG","GG","AC","AT","GG","CC","AC","AA","CT","TT","AT","AT","AA","AA","AC","AA","TT","AT","AT","GT","AC","AA","GT","AC","GG","CC","CT","AG","CC","TT","AA","GG","CC","CC",44.2017388507094,"Yes"
14,40,"Female","A","No","CC","GG","AA","CT","AC","AA","GT","TT","AG","TT","CC","CC","AA","CG","TT","CC","AA","AG","GT","CC","AA","AA","CT","AA","AA","CT","CC","AT","TT","AG","AA","AC","TT","GT","AT","AT","GT","CC","TT","TT","AC","CG","CG","TT","AG","AA","AT","AA","CG","CC","CC",44.8899695881166,"Yes"
15,36,"Female","B","No","CC","CG","AC","CT","CC","AC","TT","AA","AA","CT","CG","AA","AA","CG","AT","CC","AC","GG","GT","AA","AT","AA","CC","AC","AC","CT","CT","AT","AA","GG","AT","AC","TT","GG","AT","AA","TT","AA","TT","TT","AA","CG","GG","TT","AG","AA","AT","AA","CG","CT","CC",73.7863067797906,"Yes"
16,26,"Female","A","No","AC","CG","CC","TT","AA","AC","GT","TT","AA","TT","CG","AA","GG","CG","AT","CG","CC","GG","TT","AA","TT","AA","CT","AC","CC","CT","CT","TT","AT","GG","AT","AA","AA","TT","AT","AA","GT","CC","TT","GG","CC","CG","CC","CC","AG","AC","AA","AG","CG","CT","CC",28.8016471585249,"Yes"
17,25,"Female","C","No","AC","CC","AA","TT","AC","CC","TT","TT","GG","CC","CC","AC","GG","CC","AT","CG","CC","GG","GT","AC","TT","AG","TT","CC","AC","CC","CC","AA","AA","GG","AT","CC","AA","TT","AT","AA","TT","AA","TT","TT","AA","CG","CG","TT","AG","AC","AT","AG","CC","CC","CC",54.2563173530677,"No"
18,37,"Female","C","No","CC","CC","AC","CT","CC","AA","GG","AT","GG","CT","CG","AC","AA","CC","AT","CG","AC","AA","TT","AC","AT","AG","CC","CC","AC","CT","CC","TT","AA","AG","AA","AA","AT","GT","TT","AT","GT","CC","AT","GG","AC","GG","CG","TT","AG","AC","AT","AG","CC","CT","CC",77.8084799460417,"No"
19,29,"Female","C","No","AC","GG","AA","CC","CC","AC","GT","AT","AA","CT","CG","AC","AG","CC","AT","CC","CC","AG","GT","AC","AT","AG","CT","AA","CC","CC","CT","AA","AA","GG","AT","AA","AT","TT","AA","AT","GG","CC","AA","TT","AA","CC","CG","TT","GG","AA","AA","GG","CC","TT","CC",61.7898733523927,"No"
20,30,"Male","C","No","CC","GG","CC","CC","AC","AA","GG","TT","AG","CT","GG","AA","AG","CG","TT","GG","AC","AG","TT","AA","AA","AA","CT","AC","AC","CT","CC","TT","AA","AA","AT","AA","TT","GT","AT","AT","GT","AC","TT","GT","CC","CG","CG","CT","AG","AA","AT","AG","CC","TT","CC",63.4998218837656,"No"
21,31,"Male","C","No","AC","GG","AC","CC","AA","AC","GG","TT","AG","CT","GG","CC","AG","CG","AT","CG","AC","AG","TT","AC","AT","AG","CT","AA","CC","CT","CC","AT","AT","GG","AA","AC","AT","TT","AT","AT","TT","CC","AT","GT","AC","GG","CG","CC","GG","AA","AT","AG","GG","CT","CC",67.8822138904472,"Yes"
22,42,"Male","C","No","AC","CG","CC","CC","AA","AA","TT","AA","GG","CC","CG","AC","AG","CG","AT","GG","AC","AA","GT","AA","AT","AG","CC","AA","CC","CC","CT","AT","AA","AG","AA","AA","AT","GT","AA","AA","GT","AC","AT","TT","CC","CG","CG","CT","GG","CC","AT","AG","GG","CT","CC",87.7600265736998,"Yes"
23,37,"Male","B","No","AA","GG","AA","CT","AA","AC","GG","AA","AA","CT","CG","AA","AA","CG","AA","CC","AC","AG","GT","AC","AT","AG","TT","AA","CC","CT","CT","AA","AT","AG","TT","CC","AT","GT","TT","AT","GT","AA","AT","GG","AA","GG","GG","TT","AG","CC","AT","AG","CC","CC","CC",77.0991272622695,"No"
24,28,"Male","B","No","AC","CG","AC","CT","CC","AC","GT","AA","AG","CC","CG","CC","AA","CC","AA","GG","AC","GG","TT","CC","AA","AG","CT","CC","CC","CT","CT","AT","AT","AG","AT","AC","AT","TT","AA","TT","TT","CC","AT","GG","CC","CC","CC","CT","AG","AA","AT","GG","CC","TT","CC",61.1949874829644,"No"
25,25,"Female","B","No","AC","GG","CC","CT","AC","AA","GG","AT","AA","CT","CG","AA","AG","CC","TT","CG","AC","AA","GT","AC","AA","AG","TT","AA","CC","CT","TT","AT","AT","AG","AT","AC","AT","GG","AT","AT","GT","AA","AA","GG","AC","GG","CC","TT","GG","AC","AT","AG","GG","TT","CC",53.9127469443284,"No"
26,39,"Male","A","No","AC","CG","CC","CT","AC","CC","GT","AA","AG","CT","GG","AA","AG","CG","AA","CC","AC","AG","GT","CC","AT","AG","TT","AA","AC","CC","CT","AT","AT","AA","TT","AC","AT","GT","AA","AA","GG","AA","AT","GT","AA","GG","CC","CT","AG","AC","TT","AG","GG","TT","CC",41.7522103265841,"Yes"
27,28,"Male","A","No","CC","GG","AA","TT","AA","AA","GT","AT","AG","CC","GG","AC","AA","GG","AT","CC","AC","AG","GG","CC","AT","AG","CT","CC","AC","CC","CT","AT","AT","AA","AA","CC","AT","TT","AT","AT","GT","AA","AT","GT","AA","CC","GG","CC","AG","CC","AT","AG","GG","TT","CC",31.7095337404353,"No"
28,25,"Male","C","No","AA","CG","AA","CT","AA","AC","TT","AA","AG","CC","CG","AA","AA","CG","AA","CG","AC","AA","TT","AA","AT","AG","TT","CC","AA","CT","CC","AT","AT","AA","AA","AC","AT","GG","AA","TT","GG","CC","AT","TT","AA","CG","GG","CT","AG","CC","TT","AA","CG","TT","CC",54.4086492208401,"No"
29,36,"Female","C","No","AA","CG","AC","CC","AA","AA","GG","AA","AG","CT","CG","AA","AG","GG","AT","GG","AC","GG","GT","CC","AT","AG","CT","AC","AC","CT","CC","TT","TT","AG","AA","CC","AA","GT","TT","AT","TT","AC","AA","GG","AC","CG","CG","CT","AG","AC","AT","AA","CG","TT","CC",75.7344111531928,"Yes"
30,44,"Male","C","No","AC","CC","AA","CC","CC","AC","GT","AT","AG","CT","CG","AC","GG","CG","TT","CG","AA","GG","GT","AC","AT","AG","CT","AC","AC","CC","CT","TT","AA","AA","TT","AC","TT","GT","TT","TT","GG","CC","AT","TT","AC","CC","GG","CC","GG","AC","TT","AG","CC","CT","CC",92.5207822299984,"Yes"
31,26,"Female","C","No","CC","CC","AC","CT","AC","AC","GG","AT","AG","TT","CG","AC","AA","GG","TT","CC","AC","AG","GG","AC","AA","AG","CC","AC","AC","TT","CT","AA","AT","AA","TT","AC","TT","GT","AA","AA","GT","CC","AT","GG","AC","CC","CG","TT","AG","AC","TT","AG","CG","CT","CC",53.4414302468429,"No"
32,45,"Male","B","No","CC","CG","AC","TT","CC","CC","GT","AT","AG","CT","CG","AA","AG","CG","AT","GG","AC","AG","TT","AC","AT","AG","CT","AC","CC","CT","CT","AT","AA","AG","AT","AC","TT","TT","AA","AT","GT","AC","AT","TT","AC","CG","CG","TT","AA","AA","AT","GG","CG","CT","CC",95.9853034848694,"Yes"
33,28,"Female","A","No","AC","GG","CC","CT","AC","AC","GT","AT","AA","CT","GG","AC","AA","CG","AA","CC","AA","AG","GT","AA","TT","AG","CT","AC","AA","TT","CC","AT","AT","AA","AA","CC","AA","TT","AT","AT","GG","AC","AT","GT","CC","CC","CG","TT","AA","AC","AT","AG","CC","CT","CC",30.5616248591799,"No"
34,42,"Male","B","No","AA","GG","CC","CT","AA","AC","GG","AT","AG","CC","CG","AC","AG","CG","AA","CC","AC","AA","GT","AC","AA","AG","CC","CC","AC","CT","CT","TT","AA","AA","TT","AA","AT","TT","AT","TT","GT","AA","AA","GT","AC","GG","CG","CT","AG","AA","AT","AA","CG","CT","CC",85.7033063618037,"Yes"
35,41,"Female","A","No","AA","CG","CC","CC","AC","AA","GT","AT","AG","CT","CC","CC","GG","CG","AT","CC","AC","AA","GG","AC","AA","AG","TT","CC","CC","CT","CT","AT","AT","GG","AA","AA","TT","GT","AA","TT","GT","AC","TT","GT","AA","GG","GG","CT","AG","AC","TT","AG","GG","CC","CC",43.5388326732611,"Yes"
36,37,"Male","B","No","CC","GG","AC","TT","CC","AA","GG","AT","AA","CT","CC","CC","AA","CG","TT","CG","AC","AG","GG","CC","AT","AG","CT","AC","AC","TT","TT","AT","AT","AA","AT","CC","AT","GT","AT","TT","TT","AC","AA","GG","AA","CC","CG","CT","AA","CC","TT","AG","CC","CT","CC",78.7856005726955,"Yes"
37,34,"Male","A","No","AC","CG","CC","CC","AC","AC","GT","TT","GG","CT","CC","CC","AG","CG","TT","CG","CC","AA","GT","CC","TT","AA","CT","AC","AA","CC","TT","TT","AA","AG","TT","AC","AT","GG","AT","TT","GT","AA","TT","TT","AC","CG","CG","CC","AG","AA","AT","GG","GG","CT","CC",37.2589905961241,"No"
38,27,"Male","A","No","CC","CG","AC","CT","CC","CC","GT","AT","AA","CT","CG","CC","AG","CC","AT","CC","AC","AA","GT","CC","AA","AG","CT","CC","AA","CC","CC","AT","AA","AA","AA","AA","AA","GG","TT","AA","TT","CC","TT","TT","AA","CC","CC","CC","AG","AC","AA","AG","GG","CT","CC",29.1621279330301,"No"
39,45,"Male","C","No","AC","GG","AC","CT","CC","AC","GT","AT","GG","TT","CC","AC","AG","GG","AA","CG","AA","GG","GG","CC","AT","AA","TT","AA","CC","TT","CC","AT","TT","AG","AT","AC","AT","GT","AT","AT","GT","AC","AT","GG","CC","CG","CG","CT","AG","CC","TT","AA","CG","CT","CC",95.3559620730211,"Yes"
40,25,"Female","A","No","AC","CG","AC","CT","CC","AA","GT","AT","GG","CT","GG","CC","AG","CG","TT","CC","AA","AG","GT","AA","AT","AA","CT","AC","AC","CT","CT","TT","TT","AA","AA","AA","AT","GG","AT","AT","TT","CC","AA","TT","AC","CG","CG","CT","AG","AC","AT","AG","CG","CT","CC",26.0212082535567,"Yes"
41,43,"Male","C","No","AC","CG","AC","TT","AA","AC","GT","AA","GG","CT","GG","AC","AG","CC","TT","CC","AC","AA","GT","CC","AA","GG","TT","AA","AC","CT","TT","TT","AT","AA","AA","AC","AA","GT","TT","AT","TT","CC","TT","GG","AA","CC","CC","CC","AA","AC","AT","AG","CG","CT","CC",88.8500657721283,"Yes"
42,34,"Male","A","No","AC","GG","AC","CT","AC","CC","GG","TT","AG","TT","CC","AC","AG","CG","AT","CG","CC","AG","TT","AA","AT","GG","CT","CC","AA","CC","CT","AT","TT","AG","AT","AC","AA","GT","AT","AA","GT","AA","AT","GT","AC","CC","CC","CT","AG","CC","AT","AG","CG","CT","CC",36.0947061362502,"No"
43,44,"Female","B","No","AC","CG","AC","CC","AC","AC","GT","TT","GG","CC","CG","AC","AG","CG","TT","CG","AA","AG","GT","AA","AT","GG","TT","AC","AC","CC","CT","AA","TT","AA","AA","AC","AT","GG","AT","AT","GT","CC","AA","GG","AA","CC","GG","CT","AA","AA","TT","AG","CG","CC","CC",89.2742762407061,"Yes"
44,26,"Female","C","No","CC","CG","CC","CC","CC","AC","GT","AA","AA","TT","CC","AA","AG","CC","AT","CG","AC","AG","TT","AA","AA","AA","TT","CC","CC","CT","CC","AT","AA","AG","TT","AC","TT","GG","AT","TT","GT","CC","TT","GG","AA","CG","GG","TT","GG","AA","AT","AG","CG","CT","CC",57.3008608755729,"No"
45,43,"Female","B","No","CC","CC","AA","CC","AA","CC","TT","AA","AA","CT","CG","AC","AG","GG","TT","GG","AC","AG","GT","AA","AT","AG","TT","AC","AC","TT","CC","AT","AT","GG","AT","AA","TT","TT","TT","AT","GT","AC","TT","TT","AC","CG","CG","CT","AG","AA","AT","AG","CG","TT","CC",89.8598571739524,"Yes"
46,28,"Male","C","No","AA","CG","CC","CC","CC","AC","GG","AT","AG","CT","GG","CC","GG","CC","AT","CG","CC","AG","GT","AC","AT","AG","TT","AA","AC","CC","CC","TT","AT","AA","AT","CC","AA","TT","AA","AT","GG","AC","AT","GT","AA","CG","CG","TT","AG","AA","AT","AG","CC","CT","CC",59.0101228379701,"No"
47,32,"Male","A","No","AC","CC","AC","CT","CC","CC","GT","AT","AA","TT","CG","AC","AG","CG","AA","CG","AC","AG","TT","CC","AT","AG","CC","AC","AC","CT","CC","AA","TT","AA","TT","AC","AT","TT","AT","AT","TT","AC","TT","GT","AC","CG","CG","CC","GG","AC","AA","AA","CG","CT","CC",34.5787578675376,"No"
48,36,"Female","C","No","AA","GG","AC","CT","AC","AC","TT","TT","AG","CC","GG","AC","AG","CG","AA","GG","CC","AG","TT","AC","TT","AG","CT","AC","AC","TT","CT","AT","AT","GG","AT","AC","AT","GT","AA","AA","GG","AC","AA","GT","AA","CG","CC","CT","GG","AA","TT","AG","CG","CT","CC",75.7390921052366,"No"
49,38,"Female","C","No","AC","CG","CC","CT","CC","CC","GT","TT","AG","CT","CG","AC","AG","CC","AT","CG","CC","AA","GG","AC","AT","AG","CC","AC","AA","CT","CT","TT","AA","AG","AA","AC","TT","GT","AT","TT","GT","AC","AT","GT","CC","CG","CC","CT","GG","AC","AT","GG","GG","CC","CC",79.4914496535516,"No"
50,25,"Female","C","No","CC","CG","CC","CT","CC","AC","GT","AA","GG","CT","GG","CC","AA","CG","TT","CG","AA","GG","TT","AC","TT","AG","CT","AC","AC","CC","TT","TT","AT","AA","AA","AC","AA","GG","AT","AT","GT","AA","TT","GT","CC","GG","GG","TT","AA","AC","AA","AG","GG","CC","CC",53.8184174492924,"No"
51,25,"Female","C","No","AC","GG","AC","CT","AC","AA","GT","TT","GG","TT","CC","AC","AG","CG","TT","CC","AC","AG","TT","AC","AT","AG","TT","AC","AC","CC","CT","TT","TT","AG","AT","AC","AT","GT","AT","AA","GT","AC","AA","TT","AA","CC","CG","CT","AA","AC","AT","AA","CC","CT","CC",53.4752753066878,"No"
52,35,"Male","C","No","AA","CG","CC","CC","CC","AA","GG","AA","AA","TT","GG","AC","GG","CG","AT","CG","AC","AG","TT","CC","AA","AG","CC","AC","AC","CC","CT","TT","AT","AG","TT","AC","AA","TT","AA","AA","GT","CC","TT","GT","CC","GG","CC","CT","GG","AC","AT","AG","CC","TT","CC",71.9389830355526,"No"
53,26,"Male","A","No","AA","CC","AA","TT","AC","AC","GG","AT","AA","CT","GG","CC","GG","GG","AT","CC","AC","GG","TT","CC","AA","AG","CT","AA","AC","CT","CT","AA","TT","GG","AA","AC","AA","GT","AT","AT","GT","CC","AT","GT","AC","CG","CG","CT","GG","AC","AT","GG","GG","TT","CC",31.5778924240817,"No"
54,26,"Male","C","No","AA","CG","AC","TT","AA","AA","GT","AA","AG","CT","CC","AA","AG","CC","AT","CG","AC","AG","GT","CC","AT","AG","CT","AC","AC","TT","TT","AA","AT","GG","AT","AC","AA","GT","TT","AT","GG","AC","AT","GT","AA","GG","CG","TT","AG","AC","TT","GG","CG","CT","CC",56.043983966491,"No"
55,40,"Male","C","No","AA","CC","CC","CC","AC","AC","TT","AA","AG","CT","CG","AA","AA","CG","AT","CG","AA","AG","GG","AC","AA","AA","CT","AA","AA","CT","CT","TT","AT","AA","AT","AC","AT","GT","TT","AT","GG","CC","AT","GG","AC","CC","CG","CC","AG","AC","AT","AG","CG","CT","CC",83.6828618952587,"Yes"
56,26,"Male","C","No","AC","CG","AC","CT","CC","CC","GT","AA","GG","CT","GG","CC","AA","GG","AA","CG","AA","AG","GT","CC","AT","AG","TT","AC","AA","CT","CT","TT","TT","AG","TT","AC","AT","TT","TT","AA","TT","AC","AA","GT","CC","GG","CC","CC","AG","AA","AT","GG","CG","CC","CC",56.9370555668576,"No"
57,37,"Female","B","No","AC","CC","AC","CT","AC","AA","GT","AA","AG","CT","CC","CC","AG","CG","TT","GG","AC","AA","GT","AC","TT","AG","CT","AC","AC","CC","CC","AA","AA","AG","AT","AC","AT","TT","AA","AT","TT","AC","AT","GG","CC","CC","GG","CT","GG","AC","AT","AG","GG","CC","CC",77.7975876946256,"No"
58,42,"Male","A","No","AA","GG","AC","CC","AC","AC","GT","TT","AG","CT","CG","AC","GG","CG","AA","GG","AC","AG","GT","AC","AA","AG","CC","AA","AC","CC","TT","TT","TT","GG","AA","CC","AA","GG","AT","AA","TT","CC","AA","TT","AC","GG","CC","CC","AA","AC","AT","GG","CG","CT","CC",45.3994820489549,"Yes"
59,29,"Female","C","No","AC","GG","AC","CT","AA","CC","GG","AA","AG","CT","CC","AC","AG","CG","AA","CC","AC","AG","GG","AC","TT","AA","TT","AC","AC","CT","CT","AT","TT","AA","AT","AC","AA","GT","AA","AT","TT","AC","AT","GT","AA","CC","GG","CT","GG","AA","AT","AG","CC","CC","CC",61.0734297693316,"Yes"
60,41,"Female","B","No","AC","CG","AC","TT","CC","CC","GT","TT","GG","CT","GG","AA","AG","GG","AT","GG","AC","AG","GT","CC","AT","AA","TT","AC","AC","CC","CT","AT","AT","GG","AT","CC","AT","GT","AT","AT","GG","AC","AT","GT","CC","CG","CC","TT","GG","CC","AA","AG","CG","CT","CC",84.9930792333542,"Yes"
61,27,"Male","C","No","AC","CG","AC","TT","AA","AC","TT","AT","GG","TT","GG","AC","AG","CG","AA","CG","AC","AA","GT","AC","TT","AA","CC","AC","CC","CT","CT","TT","AT","AG","AT","AA","TT","GG","TT","TT","GT","AC","AA","GG","AC","CG","CG","CC","AG","AC","AT","AG","CG","TT","CC",59.0159000242167,"No"
62,42,"Male","C","No","AC","CG","CC","TT","AA","AA","GT","AT","AG","CT","CC","AA","GG","GG","AT","GG","CC","AA","TT","AC","AT","AG","CC","CC","AA","CT","CT","AA","AA","GG","TT","AC","AT","GG","TT","AT","GG","AC","TT","TT","AC","GG","GG","CC","AA","AA","AT","AA","CG","CT","CC",86.5520653643022,"Yes"
63,34,"Male","B","No","AA","CG","AC","CT","AC","AC","GG","AA","AA","CC","CG","CC","AG","CC","AA","CG","AC","AG","GG","AC","TT","AG","TT","AA","AC","TT","CT","AT","AT","AA","AA","AC","AT","GT","AA","TT","GT","AC","AA","GG","AA","CG","CG","TT","GG","CC","TT","AG","GG","CT","CC",71.8386086788538,"No"
65,29,"Female","B","No","AC","CG","AA","TT","AC","AC","GT","AT","AA","CC","GG","AC","GG","CC","AA","CG","AA","GG","GG","AC","AA","AG","TT","AC","CC","CT","CC","TT","AA","AA","AA","CC","AT","GG","AT","AT","GG","AC","AT","GT","AA","CG","CG","CT","AG","AA","AT","AG","CC","CT","CC",61.0450475358794,"No"
66,36,"Male","B","No","AA","CG","AC","CT","AA","CC","TT","AT","AG","TT","GG","AA","AG","GG","AA","CC","AC","AA","TT","AA","AA","AA","CT","AC","CC","CT","CC","AT","TT","AG","AT","AC","AT","GG","AA","AT","GG","CC","TT","GT","AA","CG","CG","CC","AG","AC","AA","AA","CC","CT","CC",77.4682343584271,"Yes"
67,42,"Female","A","No","AA","CG","CC","TT","AA","CC","TT","AA","AA","TT","CC","AA","AA","CG","AA","CC","AA","AG","GT","AC","AT","GG","CC","AA","AC","CC","CT","AT","AT","AG","TT","AC","AT","GG","TT","AT","TT","AC","AA","GG","AC","CG","CG","CC","AG","CC","AA","AA","CC","CT","CC",43.6235603975594,"Yes"
69,39,"Female","B","No","AC","CG","AA","TT","CC","AA","TT","AA","AG","CC","GG","AC","AA","GG","AA","GG","CC","AA","GT","AA","AT","AG","CT","AA","AC","TT","CT","AA","AT","GG","TT","CC","TT","TT","AA","AA","GT","AC","AA","GT","AC","CG","CG","CC","AG","AC","AA","AA","GG","TT","CC",82.1936404433763,"Yes"
70,30,"Male","C","No","AA","CC","AA","CT","CC","AC","GT","AT","GG","TT","GG","AC","AG","GG","AT","CC","AC","AG","GG","AC","AA","AG","CT","AC","AA","CT","CC","AT","TT","GG","AT","AC","AT","GT","AT","AA","GT","AA","AT","GT","AC","CG","CG","CT","AA","CC","TT","AG","GG","CT","CC",64.3087780641417,"No"
71,41,"Female","B","No","AC","GG","AC","CT","AC","AC","TT","AA","AG","CT","GG","AC","AA","GG","TT","CC","AC","GG","GT","AC","AA","GG","CT","AA","AC","CC","CT","AA","TT","AA","AT","AC","AT","GG","AT","AT","GT","AC","AA","GT","CC","CG","CG","CT","GG","AA","AT","AA","CG","CT","CC",84.9091491855065,"Yes"
72,40,"Male","A","No","CC","CG","CC","CT","AC","AA","GT","TT","AA","CC","CG","AC","AA","CC","TT","CG","CC","AA","TT","CC","TT","GG","CT","CC","AA","CT","TT","AA","AT","GG","AT","AA","AT","TT","TT","AT","GT","AC","TT","GT","CC","CG","CG","TT","AG","AA","AT","AA","GG","TT","CC",43.3238326123148,"Yes"
73,36,"Female","B","No","CC","CC","AC","CT","CC","AC","GT","AA","GG","TT","GG","AA","AG","GG","AT","CG","CC","AG","GT","AC","AT","AG","CC","CC","AC","CT","TT","TT","AA","AG","AT","AA","TT","GT","TT","TT","GG","CC","AT","GG","AA","CG","GG","CT","AG","AC","AT","GG","CG","TT","CC",75.35757995636,"Yes"
74,28,"Female","B","No","AA","CG","AC","CT","CC","AC","GT","AT","AG","CT","CG","AA","GG","GG","AT","CG","AC","AG","GT","AC","TT","AG","CT","AC","AC","CC","CT","AA","AT","GG","TT","AA","AT","GT","AT","AT","GG","AA","AA","TT","CC","CG","CG","TT","AA","AC","AA","AG","CC","CT","CC",60.2913673048208,"Yes"
75,40,"Male","B","No","AA","GG","AC","CT","AA","AC","GT","AT","AG","TT","CC","CC","GG","CC","TT","GG","AA","AA","GT","AC","TT","AG","CT","AC","AC","CC","CT","AT","TT","AG","TT","AC","AT","GG","TT","AT","TT","AA","TT","GT","CC","CG","GG","CT","AG","AC","AT","AG","CG","CC","CC",83.6357503973294,"Yes"
76,42,"Male","A","No","CC","CG","AA","TT","CC","AC","TT","AT","AA","TT","CG","CC","AA","CG","TT","GG","AC","AA","GT","AC","AT","GG","CT","AC","AC","TT","CC","TT","AT","GG","AT","AA","TT","GG","AT","AA","GT","CC","AA","GT","AA","CG","GG","CC","AG","CC","TT","GG","CC","TT","CC",47.4049558581497,"Yes"
77,37,"Male","A","No","CC","CC","AA","TT","CC","AC","GT","TT","GG","TT","CG","AC","AG","CC","AT","CG","AC","AA","TT","AC","TT","AA","CT","AC","AA","CC","TT","AT","AA","GG","TT","AC","AT","GG","TT","AA","GT","CC","AT","GT","AA","GG","CC","CT","AG","CC","AT","AG","CG","TT","CC",40.4233553620814,"No"
78,29,"Male","C","No","CC","CG","AC","TT","AC","AA","GG","AA","AG","CT","CC","AC","AA","GG","AA","CG","AC","GG","GT","CC","AT","AG","CT","AC","CC","CT","CC","AA","AT","AG","AT","AA","AT","GG","AT","TT","GT","CC","TT","GT","CC","CG","CG","CT","AG","AC","AA","AG","CC","CT","CC",62.6889946445047,"No"
79,38,"Male","A","No","CC","CG","AC","CT","AC","CC","TT","AT","AA","TT","CC","CC","AG","CG","AT","GG","AC","AA","GT","CC","TT","AG","CT","AC","AC","TT","TT","AA","AA","AG","AT","AA","AT","GT","AT","AT","GT","AC","TT","GG","AC","CG","GG","CC","AG","AA","AT","AA","CG","CT","CC",43.3544136003307,"No"
80,44,"Male","A","No","AC","CG","AC","TT","AC","AA","TT","AT","AA","CC","CC","AA","AA","GG","AA","CC","AC","AA","GT","AA","AA","AG","CC","AA","CC","CC","CC","TT","TT","AG","AT","AC","TT","GT","TT","AA","TT","AC","AA","GG","AC","CC","GG","CT","AG","AC","AA","AA","CC","CT","CC",47.1174812504103,"Yes"
81,35,"Male","C","No","CC","CG","AA","CT","CC","CC","TT","AA","AA","CT","GG","AA","GG","GG","AA","CG","AC","AA","GT","AC","TT","AA","CT","AC","AC","CC","CC","TT","AT","AA","AT","AC","TT","GT","TT","AT","TT","AC","AA","GG","AC","GG","CC","CT","AG","AC","AA","AA","GG","CC","CC",74.8012844279125,"Yes"
82,31,"Female","A","No","AC","CG","AC","CT","AC","CC","TT","TT","GG","CT","CG","AC","AG","CG","AT","GG","AC","AA","GT","CC","AT","GG","CT","CC","CC","CT","CT","AT","AT","AG","AT","CC","TT","GG","TT","AT","GG","AA","AT","TT","AA","CC","CG","CT","AA","CC","AT","GG","CG","TT","CC",33.8152772180249,"Yes"
83,37,"Male","B","No","AA","CG","CC","CT","AC","AA","GT","AT","AG","TT","GG","CC","AG","GG","AT","CC","AA","AG","GG","AC","AT","AG","CC","AA","CC","CT","TT","AT","AT","AG","AT","AA","AT","GG","AA","AT","GG","AC","TT","GT","CC","CG","CG","CC","AG","AA","TT","GG","GG","TT","CC",78.1869579512433,"Yes"
84,39,"Female","A","No","CC","CC","AA","CC","AA","AC","GT","TT","GG","CT","GG","AC","AG","CC","AA","CG","CC","GG","GG","AC","TT","AG","CT","AC","AA","TT","TT","AA","AT","AG","TT","CC","AT","GG","AT","AT","TT","AC","AT","GT","CC","GG","CG","CT","GG","AA","TT","AA","GG","CT","CC",42.0377221986758,"No"
85,28,"Female","A","No","CC","CG","CC","CT","AC","CC","GT","TT","AA","CT","GG","AA","AG","GG","AT","CC","AA","GG","GG","AC","AT","AA","TT","CC","AC","TT","TT","AT","TT","AG","AT","CC","TT","GG","AT","AA","GT","AC","AT","GT","AC","GG","CG","CT","AA","AC","AT","GG","CG","TT","CC",33.2982076724548,"No"
86,31,"Female","A","No","AC","CG","AC","CT","AC","CC","TT","AA","GG","CC","CG","CC","AA","GG","TT","CG","AC","AA","GT","AA","AT","AA","CC","CC","AC","CT","TT","TT","TT","AG","AT","CC","AT","GG","AT","AA","TT","AC","TT","TT","CC","CG","CC","CT","GG","AC","AT","AA","CG","CT","CC",32.3852778293734,"Yes"
87,45,"Female","A","No","AA","CG","AC","TT","AC","AC","GG","AT","GG","TT","CC","AC","AG","CG","AT","GG","AC","AG","GG","CC","AT","AG","CT","AA","AA","TT","CC","AT","AT","AG","TT","AC","TT","TT","TT","AT","GT","AA","AT","GT","AC","CC","CG","CT","AG","CC","AT","AG","CC","CC","CC",47.9561163707336,"Yes"
88,28,"Female","C","No","AC","GG","CC","CT","AC","AA","GG","TT","AG","CT","CG","AA","AG","GG","TT","CC","AC","GG","GG","AA","TT","AA","CC","AC","AC","CT","CT","AT","TT","AG","TT","AA","TT","GT","AT","AT","GG","AC","AT","TT","AC","CG","CG","TT","AG","AA","AA","AG","CG","CT","CC",57.3116023401875,"No"
89,39,"Male","C","No","AC","CC","CC","CC","AA","AA","GG","AT","AA","CC","GG","AC","AG","GG","AT","CG","CC","AA","TT","AC","AA","AG","CC","AC","AA","CT","CT","AT","AT","AG","TT","AA","AA","GT","AA","AT","GT","AA","AA","GG","CC","CG","CG","CC","AG","AA","AA","GG","CG","CT","CC",81.4918917260957,"Yes"
90,33,"Male","A","No","CC","CG","AC","TT","AC","AA","GT","TT","AG","CC","CC","AC","AA","CG","AT","CG","AC","AG","GT","AA","TT","GG","TT","CC","AC","CT","CC","AT","AT","AG","TT","AC","TT","TT","TT","TT","GG","AC","TT","GT","CC","CG","CG","CC","AG","AC","AT","GG","CG","TT","CC",36.4515506262537,"No"
91,28,"Female","C","No","AC","CG","CC","CC","CC","CC","TT","AT","AA","CT","CC","CC","AG","CC","AT","CG","AA","AA","GG","AC","AT","AG","CT","AC","AC","CT","CT","AT","TT","GG","AA","CC","TT","GT","AT","AT","GG","AC","AA","GG","AC","CG","CG","CT","AG","AA","AT","GG","CG","CC","CC",60.1913321430043,"Yes"
92,35,"Female","B","No","AA","CG","CC","TT","AA","AC","GT","AT","AG","CC","GG","AA","AG","CG","TT","CC","CC","GG","GT","AA","AA","AG","TT","CC","AC","CT","TT","AT","AT","AG","TT","AC","AA","GG","AA","TT","GT","AC","AT","GT","AA","CG","CC","CT","AG","AC","TT","AG","CG","CT","CC",74.4967316758299,"No"
93,31,"Female","A","No","AC","GG","AC","CC","CC","CC","GT","AT","AA","CC","CG","CC","AG","GG","AT","GG","AC","AG","TT","AA","AT","AG","CT","CC","AC","CT","TT","AT","AT","AG","AT","CC","AA","GT","AA","AT","GT","CC","AA","GG","CC","GG","GG","CT","AG","AA","TT","AG","CG","CT","CC",33.0588267994293,"Yes"
94,26,"Female","A","No","CC","GG","CC","CC","CC","AC","GT","AT","AA","CT","GG","CC","GG","CC","TT","CC","AC","AG","GT","AC","AT","GG","CT","AC","CC","TT","CT","AT","AA","AA","AA","AC","TT","GG","AT","AT","GG","AC","AT","GT","AC","CG","GG","CT","AG","AC","AT","GG","CG","CT","CC",27.4674105797332,"Yes"
95,25,"Female","C","No","AC","CG","CC","CT","AC","AC","GT","AT","AG","CT","CG","AC","GG","CG","AT","CG","AA","AG","GG","CC","AA","AG","CT","CC","CC","CC","CT","AA","AT","GG","AA","AC","AT","GG","AT","AA","TT","CC","AT","GT","AC","CG","GG","CT","GG","AC","TT","GG","CG","CC","CC",52.7699369324259,"No"
96,37,"Male","C","No","AC","CG","AA","CT","AA","AC","GT","TT","GG","CC","CG","AC","GG","CC","AA","CC","AC","AA","GT","AC","AA","AG","CC","CC","AC","TT","CT","AT","TT","AA","TT","AC","AA","GT","TT","AT","GT","AC","AT","GG","AC","CG","CC","TT","AG","AC","AA","GG","GG","TT","CC",77.449818891373,"Yes"
97,35,"Male","A","No","AA","CG","AC","CC","AC","AA","GT","AT","AA","CT","CG","AA","AG","GG","AA","GG","AC","AA","TT","CC","AT","AG","CT","AC","CC","CT","CT","AA","TT","GG","AA","AA","TT","GT","AT","AT","TT","AC","TT","GG","AC","CG","CG","CC","AA","AC","TT","GG","GG","CT","CC",38.7449684826487,"No"
98,28,"Female","C","No","AC","CG","AC","CC","AA","CC","GT","TT","AG","CT","CG","AA","AA","CC","AA","CC","AC","AG","GG","AA","AA","AG","CT","AA","AA","CT","CC","AT","TT","AG","AT","AA","AT","GT","TT","AT","TT","CC","AT","GT","CC","CG","CC","TT","AG","CC","AT","AG","GG","CT","CC",59.0303440307733,"No"
99,33,"Male","B","No","AC","GG","AC","CT","AC","AC","TT","AT","AA","TT","CG","CC","AG","GG","AA","GG","AC","AG","GT","CC","AT","GG","CT","AA","AC","CC","CC","TT","TT","GG","AA","AC","AT","GG","AA","AA","GT","AA","AA","TT","AC","GG","CC","CC","GG","AA","TT","AG","CC","CC","CC",71.6712564368313,"Yes"
100,25,"Female","B","No","CC","CC","AC","TT","AC","CC","GT","AA","AG","CC","CC","AC","GG","CG","AT","CC","CC","AG","GT","AA","TT","AG","CT","AC","AC","CC","CC","AT","AT","GG","AA","AC","AT","GT","TT","AT","TT","AA","TT","GT","CC","CG","GG","CT","AA","CC","AT","AA","CC","CT","CC",54.338019028939,"No"
